First Name,Last Name,White,Black,Asian,Other,Prediction,Confidence,Ground_Truth
A.J.,Alexy,0.999921441,1.78e-07,8.93e-07,2.7e-05,White,0.999921441,White
Aaron,Ashby,0.427769959,0.000159463,0.001108174,0.174248323,White,0.427769959,White
Aaron,Brooks,0.993323267,4.04e-07,7.4e-06,0.00162743,White,0.993323267,White
Aaron,Bummer,0.981532216,1.05e-06,6.64e-06,0.001265521,White,0.981532216,White
Aaron,Civale,0.441868961,6.77e-05,0.00011491,0.115786679,White,0.441868961,White
Aaron,Fletcher,0.00184909,0.259569973,0.001152421,0.006408084,Asian,0.474433243,Black
Aaron,Hicks,0.001596355,0.059535615,0.000584761,0.012095889,Asian,0.831452131,Black
Aaron,Judge,0.44041875,0.000881241,0.00151073,0.001625496,Other,0.549028635,White
Abraham,Almonte,3.94e-06,0.999563277,1.35e-05,5.08e-06,Black,0.999563277,Black
Adam,Cimber,0.998336494,3.3e-05,2.97e-06,0.000454697,White,0.998336494,White
Adam,Duvall,0.797202826,2.46e-05,0.000336073,0.041657615,White,0.797202826,White
Adam,Engel,0.998638451,3.59e-07,2.51e-06,0.00030554,White,0.998638451,White
Adam,Frazier,0.934062004,3.29e-05,4.21e-05,0.004541481,White,0.934062004,White
Adam,Haseley,0.716467142,2.51e-05,1.42e-05,0.05158915,White,0.716467142,White
Adbert,Alzolay,0.031255677,0.003257153,0.007395265,0.000242653,Other,0.418968707,Other
Adrian,Houser,0.998960257,1.06e-07,1.42e-06,0.000166565,White,0.998960257,White
Akil,Baddoo,2.36e-07,0.999940991,5.82e-07,2.13e-06,Black,0.999940991,Black
Albert,Abreu,0.002828883,0.599532723,0.001573077,0.000110043,Black,0.599532723,Other
Albert,Almora Jr.,0.691472828,2.02e-05,0.001110718,0.058429606,White,0.691472828,Other
Alcides,Escobar,4.92e-06,0.994953096,1.13e-05,1.17e-06,Black,0.994953096,Black
Alec,Bohm,0.97696197,5.37e-06,0.000126176,0.000584925,White,0.97696197,White
Alec,Burleson,0.993789136,1.54e-05,6.25e-06,0.001439436,White,0.993789136,White
Alex,Bregman,0.999350369,2.85e-07,2.17e-06,0.000134314,White,0.999350369,White
Alex,Call,0.686063826,0.00037636,0.000492691,0.001151835,White,0.686063826,White
Alex,Claudio,0.718147218,0.000501994,0.000206696,0.065635614,White,0.718147218,White
Alex,Cobb,0.99909687,1.53e-06,1.04e-05,0.000408804,White,0.99909687,White
Alex,Dickerson,0.930786669,9.04e-06,0.000216628,0.028634669,White,0.930786669,White
Alex,Faedo,0.069385886,0.004153574,0.0008583,0.014540134,Other,0.883821309,Other
Alex,Jackson,0.229427665,0.004671825,0.0019015,0.005186797,Other,0.752369583,White
Amir,Garrett,0.000475674,0.365946084,0.007876759,3.47e-05,Asian,0.564334154,Black
Anderson,Espinoza,0.001842164,0.031127626,0.002852923,0.000332062,Asian,0.795117617,Black
Andre,Jackson,6.95e-05,0.786687553,0.000124961,3.23e-05,Black,0.786687553,Black
Andrew,Bellatti,0.995076478,4.87e-06,4.8e-05,0.000624326,White,0.995076478,White
Andrew,Benintendi,0.987392843,3.51e-06,8.18e-06,0.002702885,White,0.987392843,White
Andrew,Chafin,0.996273398,3.35e-07,2.7e-06,0.00043186,White,0.996273398,White
Andrew,Heaney,0.974005997,7.15e-06,3.65e-06,0.001177049,White,0.974005997,White
Angel,De Jesus,7.77e-06,0.999048293,7.85e-06,4.82e-06,Black,0.999048293,Black
Anthony,Alford,7.62e-08,0.999959469,7.34e-07,3.51e-08,Black,0.999959469,Black
Anthony,Banda,0.107363693,0.000507094,0.021398097,0.018790197,Other,0.78943181,Other
Anthony,Bass,0.934595764,1.29e-05,1.14e-05,0.007106389,White,0.934595764,White
Anthony,Bemboom,0.98356837,9.25e-06,9.24e-06,0.001441632,White,0.98356837,White
Anthony,Bender,0.988640785,4.23e-06,2.44e-05,0.003386371,White,0.988640785,White
Anthony,Castro,3.64e-05,0.974515617,2.33e-05,2.37e-05,Black,0.974515617,Black
Anthony,DeSclafani,0.999902725,2.06e-07,5.64e-07,3.68e-05,White,0.999902725,White
Anthony,Gose,0.023798691,0.119441561,0.002264183,0.002114256,Other,0.801845908,Other
Anthony,Kay,0.928307116,1.91e-05,2.93e-05,0.031077832,White,0.928307116,White
Aramis,Garcia,0.781775832,0.000463423,0.000232771,0.033439517,White,0.781775832,Other
Archie,Bradley,0.997353554,1.16e-06,1.69e-06,0.000161444,White,0.997353554,White
Aristides,Aquino,4.61e-07,0.999923348,8.46e-07,8.29e-08,Black,0.999923348,Black
Aroldis,Chapman,1.34e-05,0.996048748,2.73e-05,1.05e-05,Black,0.996048748,Black
Ashton,Goudeau,0.999371946,1.19e-07,7.6e-07,0.000171178,White,0.999371946,White
Austin,Adams,0.840200067,2.05e-05,1.13e-05,0.016636528,White,0.840200067,White
Austin,Allen,0.994502068,5.69e-06,0.000111118,0.001733598,White,0.994502068,White
Austin,Barnes,0.267115802,0.000239082,0.00526153,0.028292712,Other,0.67604053,White
Austin,Brice,0.999882817,3.77e-08,4.45e-07,4.55e-05,White,0.999882817,White
Austin,Davis,0.51112932,3.14e-06,6.37e-06,0.032750316,White,0.51112932,White
Austin,Dean,0.765792429,4.82e-05,7.95e-05,0.038265318,White,0.765792429,White
Austin,Gomber,0.960232675,1.94e-06,1.8e-05,0.012156539,White,0.960232675,White
Austin,Hays,0.766339004,5.83e-06,0.000327149,0.002075371,White,0.766339004,White
Austin,Hedges,0.382346809,4.74e-05,3.2e-05,0.016535066,Other,0.431967884,White
Bailey,Falter,0.998906136,4.49e-07,1.15e-05,0.000279765,White,0.998906136,White
Beau,Brieske,0.975855589,9.36e-07,1.06e-05,0.009157074,White,0.975855589,White
Ben,DeLuzio,0.022236215,0.000371213,3.91e-05,0.008512712,Asian,0.630957484,White
Ben,Gamel,0.999831676,2.42e-07,5.53e-07,3.99e-05,White,0.999831676,White
Billy,Hamilton,0.001704509,0.754854143,0.000111911,0.000978026,Black,0.754854143,Black
Bo,Bichette,0.009537246,0.001788374,0.001172654,0.000176097,Asian,0.749836743,Other
Bobby,Bradley,7.47e-05,0.966828704,0.000338326,4.45e-05,Black,0.966828704,Black
Bobby,Dalbec,0.315734744,3.67e-05,0.000867416,0.008262122,Other,0.669650793,White
Bowden,Francis,0.9812029,4.02e-06,3.78e-05,0.001216245,White,0.9812029,White
Brad,Boxberger,0.999787629,2.49e-07,1.7e-06,9.11e-05,White,0.999787629,White
Brad,Hand,0.206152678,0.000664347,0.000538245,0.121065333,Other,0.605504394,White
Brad,Keller,0.997013927,8.55e-07,4.98e-06,0.000173667,White,0.997013927,White
Brandon,Belt,0.400708884,0.007195014,0.000123527,0.029061262,Other,0.539736986,White
Brandon,Bielak,0.991646588,1.56e-06,1.04e-05,0.001070004,White,0.991646588,White
Brandon,Crawford,0.870528162,4.76e-05,1.19e-05,0.060867462,White,0.870528162,White
Brandon,Dixon,0.999674916,1.38e-07,2.45e-06,7.37e-05,White,0.999674916,White
Brandon,Drury,0.987866521,1.02e-05,7.34e-05,0.001555958,White,0.987866521,White
Brandon,Hughes,0.999530673,8.54e-07,3.82e-06,0.000123836,White,0.999530673,White
Braxton,Garrett,0.998968005,2.08e-07,1.81e-06,0.00010776,White,0.998968005,White
Brayan,Bello,9.3e-06,0.989848971,8.03e-05,7.19e-06,Black,0.989848971,Black
Brendan,Donovan,0.998533726,4.27e-06,1.84e-06,0.0007181,White,0.998533726,White
Brendon,Davis,2.47e-07,0.999883771,5.42e-07,2.1e-07,Black,0.999883771,Black
Brennan,Bernardino,0.036389604,0.005381426,0.000177392,0.002778509,Other,0.873039901,Other
Brett,Baty,0.998890936,9.55e-07,2.49e-06,6.56e-05,White,0.998890936,White
Brewer,Hicklen,0.999909878,9.54e-08,2.78e-07,8.45e-06,White,0.999909878,White
Brian,Anderson,0.940825284,1.03e-06,1.45e-05,0.002535223,White,0.940825284,White
Brock,Burke,0.845340192,9.73e-06,0.000390902,0.012449839,White,0.845340192,White
Brusdar,Graterol,0.008955169,0.085290454,0.004882716,7.43e-05,Other,0.784702659,Other
Bryan,Abreu,0.008345176,0.058691729,0.016813759,0.003654544,Other,0.697408557,Other
Bryan,Baker,0.948048294,1.75e-05,0.000316946,0.017510712,White,0.948048294,White
Bryan,De La Cruz,5.12e-05,0.992412269,0.000282873,9.01e-06,Black,0.992412269,Black
Bryan,Garcia,0.998942673,5.39e-07,6.12e-07,0.000330983,White,0.998942673,Other
Bryan,Hoeing,0.976170421,4e-06,2.4e-05,0.005215032,White,0.976170421,White
Bryce,Elder,0.998814583,4.93e-07,4.6e-06,0.000176921,White,0.998814583,White
Bryce,Harper,0.998350263,1.85e-06,1.06e-06,0.000803423,White,0.998350263,White
Bryce,Johnson,0.999806941,3.21e-07,1.22e-06,8.2e-05,White,0.999806941,White
Buck,Farmer,0.921159506,0.000243528,2.07e-05,0.014119757,White,0.921159506,White
Byron,Buxton,0.000296463,0.931020379,0.000241263,0.000250383,Black,0.931020379,Black
C.J.,Cron,0.967979491,2.17e-05,8.43e-05,0.0114435,White,0.967979491,White
Cade,Cavalli,0.986541271,1.12e-05,4.54e-05,0.002834748,White,0.986541271,White
Caleb,Ferguson,0.917496383,3.66e-05,0.000233103,0.002765957,White,0.917496383,White
Caleb,Hamilton,0.983434975,6.28e-06,1.41e-05,0.001096445,White,0.983434975,White
Calvin,Faucher,0.996011615,1.12e-07,3.06e-06,0.000786702,White,0.996011615,White
Cam,Alldred,0.98919338,9.34e-07,2.74e-05,0.003343146,White,0.98919338,White
Cam,Gallagher,0.828344166,7.9e-06,3.11e-05,0.044427589,White,0.828344166,White
Camilo,Doval,0.000399975,0.955411553,0.000245964,1.51e-05,Black,0.955411553,Black
Carl,Edwards Jr.,0.000243138,0.937504649,0.000662779,0.000166528,Black,0.937504649,Black
Carlos,Carrasco,0.012111648,0.006503299,0.004748699,0.000444652,Other,0.928651333,Other
Carlos,Correa,0.030909978,0.003220049,0.016477838,0.002514403,Other,0.773860812,Other
Carson,Kelly,0.818364024,0.000331832,0.000703357,0.022443868,White,0.818364024,White
Cavan,Biggio,0.323415756,0.00018466,0.004684906,0.017447133,Other,0.638052642,White
Chad,Green,0.998570085,4.09e-07,1.64e-06,0.000562023,White,0.998570085,White
Charlie,Blackmon,0.741630495,6.93e-07,6.56e-06,0.000664666,White,0.741630495,White
Charlie,Culberson,0.938371658,7.86e-05,2.97e-05,0.02319856,White,0.938371658,White
Chase,Anderson,0.999561608,7.64e-07,4.08e-07,4.7e-05,White,0.999561608,White
Chase,De Jong,0.897988975,5.11e-06,0.000105644,0.033674143,White,0.897988975,White
Chris,Archer,0.033844322,0.000898557,0.00822025,0.000501794,Other,0.688426375,Other
Chris,Bassitt,0.997679532,3.22e-07,2.08e-06,0.000551859,White,0.997679532,White
Chris,Devenski,0.999844074,1.36e-07,1.55e-06,4.24e-05,White,0.999844074,White
Chris,Ellis,0.998369396,1.37e-06,2.76e-06,0.000238505,White,0.998369396,White
Chris,Flexen,0.9210006,2.22e-05,0.00011238,0.007839236,White,0.9210006,White
Christian,Arroyo,0.992612183,7.42e-06,1.88e-05,0.000882724,White,0.992612183,White
Christian,Bethancourt,0.004260787,0.041012194,0.008842362,0.002358192,Other,0.563535333,Black
CJ,Abrams,1.33e-05,0.988909423,7.07e-05,1.59e-05,Black,0.988909423,Black
Clay,Holmes,0.959306777,8.45e-07,8.92e-06,0.009650877,White,0.959306777,White
Clint,Frazier,0.999928832,7.47e-07,2.52e-07,2.24e-05,White,0.999928832,White
Cody,Bellinger,0.985266149,3.13e-06,3.55e-05,0.003870606,White,0.985266149,White
Cole,Irvin,0.997878075,1.66e-06,4.12e-06,0.000551487,White,0.997878075,White
Colin,Holderman,0.995235026,1.22e-07,1.66e-06,0.001130515,White,0.995235026,White
Conner,Capel,0.999309182,1.44e-06,1.46e-05,0.000155092,White,0.999309182,White
Connor,Brogdon,0.877920628,5.81e-06,1.62e-05,0.022895364,White,0.877920628,White
Connor,Joe,0.003022698,0.000150637,0.000179891,1.48e-05,Asian,0.539121687,Asian
Cooper,Criswell,0.990610301,1.86e-06,2.44e-05,0.002846908,White,0.990610301,White
Cooper,Hummel,0.933305144,2.43e-05,4.16e-05,0.02470536,White,0.933305144,White
Corbin,Burnes,0.982253253,8.12e-06,1.2e-05,0.008746382,White,0.982253253,White
Corbin,Carroll,0.379135132,0.000175872,0.002494461,0.000414997,Other,0.460541368,White
Corey,Dickerson,0.999337614,2.78e-07,1.42e-06,5.6e-05,White,0.999337614,White
Cory,Abbott,0.888899624,4.26e-05,0.000149823,0.019810379,White,0.888899624,White
Cristian,Javier,2.16e-06,0.999849081,3.33e-06,3.26e-07,Black,0.999849081,Black
Curt,Casali,0.998991072,6.27e-07,6.84e-07,0.000281807,White,0.998991072,White
Dairon,Blanco,1.31e-05,0.99766314,7.65e-05,2.94e-06,Black,0.99766314,Black
Dakota,Hudson,0.682397008,5.91e-05,0.000195682,0.040446833,White,0.682397008,White
Dalton,Guthrie,0.327763289,0.000316439,0.000766697,0.005960963,Other,0.660456538,Other
Damon,Jones,0.999178588,4.81e-07,3.05e-06,0.000227402,White,0.999178588,White
Dane,Dunning,0.002952156,1.59e-05,0.000288864,8.13e-05,Asian,0.743834019,Asian
Daniel,Bard,0.977505744,3.47e-06,1.82e-05,0.002883038,White,0.977505744,White
Daniel,Castano,0.870775163,3.01e-05,8.3e-05,0.043179411,White,0.870775163,White
Daniel,Duarte,0.017946515,0.000706871,0.000475354,0.028220406,Other,0.916077197,Other
Daniel,Hudson,0.858136773,3.88e-05,3.22e-05,0.00857002,White,0.858136773,White
Danny,Coulombe,0.998925984,3.62e-08,2.96e-06,0.000341195,White,0.998925984,White
Danny,Jansen,0.999685526,4.01e-07,1.87e-06,0.000123126,White,0.999685526,White
Darick,Hall,0.004654708,0.020211244,0.000792158,0.000168307,Other,0.938154101,White
Daulton,Jefferies,0.984086215,3e-06,5.02e-05,0.001621039,White,0.984086215,White
David,Bednar,0.983287096,7.27e-06,6.06e-05,0.003160546,White,0.983287096,White
David,Bote,0.997873545,1.94e-06,8.81e-06,0.000689338,White,0.997873545,White
David,Fletcher,0.755907774,0.000389025,0.000834881,0.058885459,White,0.755907774,White
David,Hensley,0.987289727,7.88e-07,1.53e-05,0.005945893,White,0.987289727,White
Daz,Cameron,5.03e-06,0.999028087,8.41e-05,9.03e-07,Black,0.999028087,Black
Derek,Hill,0.001094981,0.917595446,9.93e-05,2.28e-05,Black,0.917595446,Black
Didi,Gregorius,2.78e-07,0.999706447,2.18e-07,3.9e-07,Black,0.999706447,Black
Diego,Castillo,1.55e-05,0.990553439,1.63e-05,4.35e-06,Black,0.990553439,Black
DL,Hall,0.824561,7.74e-06,3.89e-05,0.000644396,White,0.824561,White
Domingo,Acevedo,0.001077986,0.8149575,0.000160037,0.007917354,Black,0.8149575,Black
Drew,Carlton,0.999769628,2.57e-08,4.83e-07,5.3e-05,White,0.999769628,White
Drew,Ellis,0.969696522,4e-06,2.58e-06,0.000841116,White,0.969696522,White
Drew,Hutchison,0.996776402,3.98e-07,5.22e-06,0.000468432,White,0.996776402,White
Drew,Jackson,0.998908758,5.58e-08,6.1e-07,6.89e-05,White,0.998908758,White
Drey,Jameson,0.984719157,3.84e-06,6.84e-05,0.002274463,White,0.984719157,White
Dustin,Garneau,0.973164856,9.45e-06,1.71e-05,0.010311962,White,0.973164856,White
Dylan,Bundy,0.99964416,9.44e-08,1.95e-07,3.94e-05,White,0.99964416,White
Dylan,Carlson,0.213829622,0.001061156,0.002199798,0.002252965,Other,0.770889878,White
Dylan,Cease,0.233940393,0.000144422,2.72e-05,0.076506026,Other,0.663946569,White
Dylan,Coleman,0.973086178,6.19e-06,1.59e-05,0.011241565,White,0.973086178,White
Dylan,Floro,0.998412848,1.02e-07,1.35e-06,0.000298027,White,0.998412848,White
Eddy,Alvarez,0.635978281,0.000691426,0.001500895,0.004415686,White,0.635978281,Other
Eduard,Bazardo,0.000572103,0.549865663,0.007480841,0.000199726,Black,0.549865663,Black
Eduardo,Escobar,0.000691083,0.732672155,0.001042714,0.000349642,Black,0.732672155,Black
Edward,Cabrera,5.92e-05,0.981921554,4.09e-05,3.81e-05,Black,0.981921554,Black
Ehire,Adrianza,0.00959986,0.026731577,0.006423123,0.000462339,Other,0.895671546,Other
Elier,Hernandez,1.17e-06,0.998438776,8.72e-06,8.17e-07,Black,0.998438776,Black
Elvis,Andrus,6.3e-05,0.989993989,3.16e-05,1.81e-05,Black,0.989993989,Black
Emmanuel,Clase,0.006957147,0.251289248,0.001544244,0.000395947,Other,0.514040768,Black
Ender,Inciarte,0.985232592,1.33e-05,4.7e-05,0.001036469,White,0.985232592,White
Eric,Haase,0.504152894,5.29e-07,4.69e-06,0.005304543,White,0.504152894,White
Eric,Hosmer,0.147421524,5.65e-05,0.000303432,0.000668509,Other,0.847713828,White
Erick,Fedde,0.999183357,7.88e-07,2.12e-06,0.000367493,White,0.999183357,White
Ernie,Clement,0.790284693,4.92e-05,0.000113532,0.060181256,White,0.790284693,White
Estevan,Florial,7.36e-07,0.999738753,6.81e-06,1.31e-06,Black,0.999738753,Black
Ezequiel,Duran,0.002032352,0.60792315,0.000411639,0.000366799,Black,0.60792315,Black
Fernando,Cruz,0.015691712,0.096911527,0.00028312,0.000597247,Other,0.850960016,Other
Foster,Griffin,0.939485133,6.33e-05,4.21e-05,0.020978721,White,0.939485133,White
Franchy,Cordero,0.000953062,0.788794339,0.002998689,0.000150031,Black,0.788794339,Black
Franklin,German,0.294965982,0.001075824,0.000924416,0.040374022,Other,0.656773806,White
Freddie,Freeman,0.998595536,5.58e-07,9.99e-06,0.000236885,White,0.998595536,White
Freddy,Fermin,0.025840931,9.85e-05,9.87e-05,5.05e-05,Asian,0.69516784,White
Gabriel,Arias,0.006071905,0.042323716,0.000942629,0.000794001,Other,0.920736074,Other
Garrett,Cleavinger,0.916857898,1.22e-05,6.14e-05,0.007678137,White,0.916857898,White
Garrett,Cooper,0.998500586,2.41e-07,5.4e-06,5.12e-05,White,0.998500586,White
Garrett,Hampson,0.97600162,2.35e-06,0.000103945,0.008055673,White,0.97600162,White
Garrett,Hill,0.999321103,2.66e-08,6.55e-07,0.000115456,White,0.999321103,White
Gavin,Hollowell,0.989484012,6.54e-06,2.4e-05,0.002312685,White,0.989484012,White
Gerrit,Cole,0.998666883,2.79e-07,8e-06,0.00052751,White,0.998666883,White
Gilberto,Celestino,0.006627862,0.594000399,0.000110447,0.005958854,Black,0.594000399,Other
Giovanny,Gallegos,0.319707364,0.000794044,0.000510336,0.004507483,Other,0.652567565,Other
Gosuke,Katoh,0.000618013,0.000110907,7.74e-05,2.95e-06,Asian,0.68966347,Asian
Graham,Ashcraft,0.958613694,8.57e-06,1.31e-05,0.017726669,White,0.958613694,White
Grayson,Greiner,0.999871254,2.95e-08,3.41e-07,1.28e-05,White,0.999871254,White
Greg,Allen,1.83e-06,0.999347866,4.45e-06,4.45e-07,Black,0.999347866,Black
Greg,Holland,0.968810797,3.01e-06,3.08e-05,0.00124998,White,0.968810797,White
Griffin,Jax,0.746245921,3.05e-05,0.000453915,0.006555113,White,0.746245921,White
Guillermo,Heredia,4.77e-07,0.999883533,5.91e-07,2.98e-07,Black,0.999883533,Black
Gunnar,Henderson,0.999438941,2.16e-07,1.24e-06,9.49e-05,White,0.999438941,White
Hanser,Alberto,1.34e-05,0.998429239,1.51e-06,4.21e-06,Black,0.998429239,Black
Harold,Castro,0.046900116,0.002150313,0.013230658,0.006564737,Other,0.528871417,Other
Harrison,Bader,0.999917507,2.56e-08,2.72e-07,2.87e-05,White,0.999917507,White
Heath,Hembree,0.986480534,3.1e-06,3.44e-05,0.002007527,White,0.986480534,White
Huascar,Brazoban,6.65e-08,0.99990046,1.38e-06,9.05e-08,Black,0.99990046,Black
Humberto,Castellanos,0.21781601,0.001692594,0.000999527,0.119178779,Other,0.655276358,Other
Hunter,Brown,0.993794203,1.09e-06,3.22e-05,0.001045796,White,0.993794203,White
Hunter,Dozier,0.999604166,1.94e-07,1.1e-06,9.91e-05,White,0.999604166,White
Hunter,Gaddis,0.812701404,0.000600863,0.0011647,0.023404252,White,0.812701404,White
Hunter,Greene,1.9e-06,0.999777496,3.61e-06,6.38e-07,Black,0.999777496,Black
Hunter,Harvey,0.975676298,2.94e-06,5.53e-05,0.008455039,White,0.975676298,White
Ian,Anderson,0.959012628,5.94e-06,0.000129128,0.012507328,White,0.959012628,White
Ian,Gibaut,0.932014763,1.35e-05,0.000249022,0.015562641,White,0.932014763,White
Ian,Hamilton,0.978026867,1.22e-05,2.8e-05,0.004416169,White,0.978026867,White
Ian,Happ,0.99881953,1.91e-06,1.32e-06,0.000323604,White,0.99881953,White
J.D.,Davis,0.996605396,3.65e-06,1.72e-06,0.001472571,White,0.996605396,White
J.P.,Crawford,0.006290677,0.058512758,0.012394471,0.000407042,Other,0.60449326,Black
J.P.,Feyereisen,0.444333434,0.000354135,0.00017551,0.021553829,Other,0.489712983,White
Jack,Flaherty,0.415873945,0.002057911,0.000471369,0.028742725,Other,0.546232998,White
Jacob,Barnes,0.428571552,0.000191237,0.000851633,0.018331619,Other,0.512468994,White
Jacob,deGrom,0.999140382,4.24e-07,1.27e-06,0.000329499,White,0.999140382,White
Jake,Bird,0.947052896,2.44e-07,1.25e-06,0.000497287,White,0.947052896,White
Jake,Brentz,0.961719275,8.37e-05,3.11e-05,0.014902432,White,0.961719275,White
Jake,Burger,0.999127924,2.46e-07,1.31e-06,0.000123289,White,0.999127924,White
Jake,Cave,0.998888791,1.76e-07,7.4e-06,0.000407405,White,0.998888791,White
Jake,Cousins,0.914538383,4.43e-06,4.92e-05,0.00447708,White,0.914538383,White
Jake,Cronenworth,0.999837279,2.88e-07,5.7e-07,1.03e-05,White,0.999837279,White
Jake,Diekman,0.998148799,1.38e-07,2.78e-06,0.000281662,White,0.998148799,White
Jake,Fishman,0.976499021,5.2e-06,8.88e-06,0.002272966,White,0.976499021,White
Jake,Fraley,0.999839187,6.6e-07,6.72e-07,7.05e-05,White,0.999839187,White
Jake,Hager,0.995110691,1.42e-06,1.6e-05,0.001256664,White,0.995110691,White
Jakob,Junis,0.603836358,0.000145704,0.000423884,0.002779389,White,0.603836358,White
Jalen,Beeks,0.833881259,1.18e-05,1.97e-05,0.035022415,White,0.833881259,White
James,Kaprielian,0.971801579,1.26e-05,1.71e-05,0.003708692,White,0.971801579,White
James,Karinchak,0.962789536,5.85e-06,9.19e-05,0.001769648,White,0.962789536,White
Jandel,Gustave,0.002267965,0.862603962,0.001155192,0.00176095,Black,0.862603962,Black
Janson,Junk,0.9987638,9.32e-08,8.29e-07,0.000320354,White,0.9987638,White
Jarred,Kelenic,0.998183429,1.61e-06,1.34e-05,0.000679217,White,0.998183429,White
Jarren,Duran,0.98980999,2.85e-06,1.37e-05,0.002048314,White,0.98980999,White
Jason,Adam,0.986364722,3.14e-06,7.38e-06,0.005306664,White,0.986364722,White
Jason,Alexander,0.763471663,5.25e-05,9.54e-05,0.060046207,White,0.763471663,White
Jason,Castro,0.727997839,3.02e-05,0.000110209,0.072144769,White,0.727997839,White
Jason,Delay,0.990790963,1.8e-06,2.32e-05,0.002800185,White,0.990790963,White
Jason,Foley,0.994210839,5.07e-07,1.36e-06,0.000301843,White,0.994210839,White
Jason,Heyward,4.25e-06,0.999093652,2.6e-06,1.11e-06,Black,0.999093652,Black
Javier,Assad,0.175476596,3.77e-05,0.000661817,0.000112938,Other,0.714484632,Other
Javy,Guerra,0.122173041,0.001994121,0.004231956,0.007096117,Other,0.842998326,Other
Jay,Jackson,4.72e-05,0.946494639,0.001181158,9.19e-05,Black,0.946494639,Black
Jaylin,Davis,3.76e-05,0.997993588,2.9e-05,1.33e-06,Black,0.997993588,Black
Jeff,Brigham,0.997157216,3.08e-06,6.36e-06,0.000765469,White,0.997157216,White
Jeff,Hoffman,0.828422666,6.83e-06,0.000153015,0.040291127,White,0.828422666,White
Jeimer,Candelario,0.004744938,0.152566597,0.008436008,0.007916667,Other,0.348612338,Other
Jerad,Eickhoff,0.840179861,0.000290426,0.000522765,0.009412202,White,0.840179861,White
Jeremiah,Estrada,0.013526385,0.038599748,0.004354828,0.000933282,Other,0.882013857,Other
Jeremy,Beasley,0.911210954,0.000439536,0.000709442,0.004012109,White,0.911210954,White
Jesse,Chavez,0.45203203,0.000404906,0.00375826,0.010365155,Other,0.490748405,Other
Jesus,Cruz,0.006173391,0.001363141,0.004060048,8.5e-05,Asian,0.820266008,Other
Jeter,Downs,3.61e-05,0.98055011,0.000129799,7.41e-06,Black,0.98055011,Black
Jeurys,Familia,0.006066837,0.496660501,0.020745672,0.004913363,Black,0.496660501,Black
Jharel,Cotton,2e-07,0.999709308,2.97e-07,3.35e-08,Black,0.999709308,Black
Jhoan,Duran,0.011323087,0.016409682,0.000277807,0.000949393,Other,0.931659997,Other
Jhonathan,Diaz,0.636103511,0.000351279,4.21e-05,0.011344129,White,0.636103511,White
Ji,Hwan Bae,0.000317999,4.68e-06,2.45e-05,9.08e-07,Asian,0.945618451,Asian
Ji,Man Choi,9.59e-05,8.6e-07,1.05e-05,5.87e-07,Asian,0.969873309,Asian
Jimmy,Herget,0.911939025,3.88e-05,0.001048948,0.037835002,White,0.911939025,White
JJ,Bleday,0.769277453,4.67e-05,0.000295726,0.044253767,White,0.769277453,White
Jo,Adell,2.44e-05,0.995271504,6.33e-05,8.4e-06,Black,0.995271504,Black
Joan,Adon,8.57e-05,0.987905622,0.000272741,0.000163971,Black,0.987905622,Black
Joe,Barlow,0.997881234,1.16e-07,1.74e-06,0.000229376,White,0.997881234,White
Joe,Dunand,0.007375088,0.027115168,0.005964281,0.000454791,Asian,0.661630988,White
Joe,Kelly,0.963779747,4.37e-05,0.000129497,0.010280753,White,0.963779747,White
Joey,Bart,0.995437443,6.73e-07,1.02e-05,0.00162867,White,0.995437443,White
Joey,Gallo,0.938951135,2.53e-07,1.19e-06,0.001211663,White,0.938951135,White
Johan,Camargo,0.027885808,0.116884708,0.004350171,0.001170759,Other,0.828019202,Other
John,Brebbia,0.999987602,4.87e-08,1.74e-07,5.05e-06,White,0.999987602,White
Johnny,Cueto,3.93e-06,0.999703109,4.09e-06,4.57e-06,Black,0.999703109,Black
Jon,Berti,0.91345787,4.35e-05,9.6e-06,0.008634117,White,0.91345787,White
Jon,Gray,0.999872804,2.41e-07,3.67e-07,5.69e-05,White,0.999872804,White
Jonah,Bride,0.969596684,6.48e-06,9.5e-06,0.009926122,White,0.969596684,White
Jonah,Heim,0.993911266,1.74e-06,3.73e-06,0.00171558,White,0.993911266,White
Jonathan,Aranda,0.338772804,0.000248272,0.000204558,0.094509594,Other,0.543595254,Other
Jonathan,Davis,1.6e-07,0.999984384,3.84e-07,1.79e-07,Black,0.999984384,Black
Jonathan,Heasley,0.998986423,4.86e-07,6.6e-07,0.000247134,White,0.998986423,White
Jonathan,India,0.766028941,5.06e-05,4.53e-05,0.090804748,White,0.766028941,White
Jordan,Diaz,0.064658009,0.001515743,0.007704241,0.003479818,Other,0.714109123,Other
Jordan,Groshans,0.994538844,9.55e-07,6.54e-06,0.00082639,White,0.994538844,White
Jordan,Hicks,0.049964674,0.013487718,0.003917687,0.001561529,Other,0.883032858,Black
Jordan,Holloway,0.971519887,1.52e-06,2.39e-05,0.003267149,White,0.971519887,White
Jorge,Alcala,0.000512824,0.864642382,0.000614777,8.86e-05,Black,0.864642382,Black
Jorge,Alfaro,0.070574671,0.000286515,0.002827413,0.000947852,Other,0.90783155,Other
Jose,Altuve,0.366253883,0.002964821,0.00665247,0.028001498,White,0.366253883,White
Jose,Alvarez,0.657880366,0.003595059,8.97e-05,0.052104715,White,0.657880366,White
Jose,Barrero,3.8e-05,0.992979109,7.73e-05,6.3e-06,Black,0.992979109,Black
Jose,Cuas,0.000148695,0.975730956,0.000516139,3.95e-05,Black,0.975730956,Black
Jose,Herrera,0.134436697,0.000499435,0.001498893,0.016252184,Other,0.826951325,Other
Josh,Bell,2.85e-06,0.999639511,3.71e-06,2.28e-07,Black,0.999639511,Black
Josh,Donaldson,0.98980242,7.15e-07,2.67e-05,0.000496691,White,0.98980242,White
Josh,Fleming,0.988319516,3.24e-06,3.62e-05,0.003789716,White,0.988319516,White
Josh,Hader,0.924925268,1.13e-05,8.95e-06,0.000649539,White,0.924925268,White
Josh,Harrison,1.61e-07,0.999717534,9.64e-07,6.77e-07,Black,0.999717534,Black
Josh,Jung,0.973399937,4.58e-06,0.000154709,0.007763826,White,0.973399937,White
Josiah,Gray,2.83e-06,0.999579012,6.54e-06,4.21e-07,Black,0.999579012,Black
JT,Brubaker,0.998779118,3.03e-07,2.35e-06,0.000493022,White,0.998779118,White
JT,Chargois,0.171761543,0.000160489,4.59e-05,0.267982095,Other,0.405021161,White
Justin,Bruihl,0.997157693,1.66e-07,3.56e-06,0.001124572,White,0.997157693,White
Justin,Dunn,4.58e-07,0.999459445,9.78e-07,1.18e-06,Black,0.999459445,Black
Justin,Grimm,0.991859138,7e-06,6.08e-06,0.003453554,White,0.991859138,White
Ke'Bryan,Hayes,4.37e-07,0.999145508,2.72e-06,3.75e-07,Black,0.999145508,Black
Keegan,Akin,0.964995027,3.38e-06,2.77e-05,0.014433247,White,0.964995027,White
Ken,Giles,0.966287553,0.000187772,9.65e-05,0.010868139,White,0.966287553,White
Kendall,Graveman,0.210007787,8.29e-07,9.52e-07,0.002218707,Other,0.787220597,White
Kenley,Jansen,6.43e-05,0.967419982,2.46e-05,9.55e-05,Black,0.967419982,Black
Kerry,Carpenter,0.993162513,8.71e-07,1.86e-05,0.00134802,White,0.993162513,White
Kervin,Castro,0.085408188,0.001847412,0.007842307,0.110515311,Other,0.760536075,Other
Keston,Hiura,0.000274558,1.87e-06,4.5e-05,2.03e-06,Asian,0.880422831,Asian
Kevin,Gausman,0.998682082,5.98e-07,2.57e-06,0.00058742,White,0.998682082,White
Kevin,Ginkel,0.9886325,6.36e-06,1.01e-05,0.002530089,White,0.9886325,White
Kevin,Herget,0.994905114,1.79e-06,3.32e-06,0.002496058,White,0.994905114,White
Kody,Clemens,0.995232522,3.52e-06,4.41e-05,0.001590022,White,0.995232522,White
Kohei,Arihara,0.000738671,2.03e-06,2.54e-05,4.59e-06,Asian,0.981061876,Asian
Kolby,Allard,0.998057187,5.84e-07,1.49e-06,0.000189736,White,0.998057187,White
Kole,Calhoun,0.994626224,9.98e-07,3.3e-05,0.000330537,White,0.994626224,White
Kris,Bryant,0.894036233,1.12e-05,2.39e-05,0.025387643,White,0.894036233,White
Kris,Bubic,0.998443067,3.34e-07,2.13e-06,0.000203373,White,0.998443067,White
Kutter,Crawford,0.830033064,0.000134332,0.000140275,0.081360854,White,0.830033064,White
Kyle,Barraclough,0.375821173,0.000243993,0.000314997,0.280052572,White,0.375821173,White
Kyle,Bradish,0.999457419,8.16e-08,1.09e-06,3.9e-05,White,0.999457419,White
Kyle,Crick,0.999565423,8.84e-08,1.9e-06,3.71e-05,White,0.999565423,White
Kyle,Dowdy,0.990695953,2.43e-06,7.29e-06,0.001899747,White,0.990695953,White
Kyle,Farmer,0.998014688,4.23e-07,2.78e-06,0.000307474,White,0.998014688,White
Kyle,Finnegan,0.883025587,0.001083664,0.000646905,0.012033538,White,0.883025587,White
Kyle,Freeland,0.994788289,3.83e-05,5.81e-05,0.000953017,White,0.994788289,White
Kyle,Garlick,0.999811828,3.88e-07,2.17e-06,7.99e-05,White,0.999811828,White
Kyle,Gibson,0.960784197,4.3e-05,0.000154743,0.000770872,White,0.960784197,White
Kyle,Hendricks,0.973327696,2.69e-07,4.75e-06,0.002548249,White,0.973327696,White
Kyle,Higashioka,0.902724385,1.93e-06,0.000373479,0.0013355,White,0.902724385,White
Kyle,Isbel,0.879428208,2.74e-07,4.02e-06,0.000853395,White,0.879428208,White
Lewis,Brinson,1.18e-05,0.962315798,2.64e-05,3.11e-05,Black,0.962315798,Black
Liam,Hendriks,0.999576509,7.07e-07,2.7e-06,0.000129473,White,0.999576509,White
Logan,Allen,0.905914605,0.00010197,2.56e-05,0.025213184,White,0.905914605,White
Logan,Gilbert,0.995211542,1.95e-06,8.4e-06,0.000876687,White,0.995211542,White
Logan,Gillaspie,0.999322176,1.32e-06,1.63e-06,9.22e-05,White,0.999322176,White
Lorenzo,Cain,6.05e-07,0.999402761,3.14e-06,1.62e-06,Black,0.999402761,Black
Louis,Head,0.961757123,5.01e-05,1.97e-05,0.007424091,White,0.961757123,White
Lourdes,Gurriel Jr.,0.056196358,0.003491323,0.012557998,0.00158766,Other,0.888798594,Other
Lucas,Gilbreath,0.984602571,8.98e-06,1.13e-05,0.006741791,White,0.984602571,White
Lucas,Giolito,0.848583817,0.000216637,2.59e-05,0.03080428,White,0.848583817,White
Lucius,Fox,3.26e-07,0.999828458,6.2e-07,2.26e-07,Black,0.999828458,Black
Luis,Arraez,0.007858002,0.009431648,0.007421106,0.001754926,Other,0.523176312,Other
Luis,Barrera,0.298136324,0.001526876,0.000803858,0.168468207,Other,0.523002088,Other
Luis,Campusano,0.016223859,0.193979219,0.001720272,0.000802961,Other,0.761733711,Other
Luis,Castillo,0.031509865,0.005304521,0.002780663,0.00197805,Other,0.826577961,Other
Luis,Castillo,0.031509854,0.005304527,0.002780662,0.001978049,Other,0.826577663,Other
Luis,Cessa,0.119504511,0.001813878,0.00264521,0.004790336,Other,0.850917101,Other
Luis,Garcia,0.000428692,0.353820354,0.004316669,6.87e-05,Asian,0.465696573,Other
Luis,Gil,0.013840294,0.106240921,0.006288848,0.005741542,Other,0.743639529,Other
Luis,Guillorme,0.315250009,0.000402215,0.000915113,0.060095936,Other,0.618478835,Other
Luke,Bard,0.97995466,1.38e-05,0.000125365,0.008401736,White,0.97995466,White
Luke,Barker,0.982509136,6.5e-07,8.56e-07,0.000513885,White,0.982509136,White
Luke,Farrell,0.842598677,5.05e-05,0.000469818,0.003849078,White,0.842598677,White
MacKenzie,Gore,0.964793146,2.55e-06,6.51e-06,0.016731543,White,0.964793146,White
Madison,Bumgarner,0.980804622,9.75e-06,7.09e-06,0.003996164,White,0.980804622,White
Maikel,Franco,5.78e-06,0.999611199,1.75e-06,6.18e-06,Black,0.999611199,Black
Maikel,Garcia,6.97e-06,0.998122752,1.77e-05,1.07e-05,Black,0.998122752,Black
Marco,Gonzales,0.078734674,0.002137925,0.008239048,0.000563091,Other,0.833645701,Other
Mario,Feliciano,0.069523558,0.001412678,0.00623921,0.001854232,Other,0.856801212,Other
Mark,Appel,0.955924809,1.59e-05,7.44e-05,0.008412234,White,0.955924809,White
Mark,Canha,0.999796212,3.58e-08,2.44e-07,2.97e-05,White,0.999796212,White
Mark,Contreras,0.144454539,1.61e-05,4.44e-05,0.335746109,Other,0.50843811,Other
Marwin,Gonzalez,0.166075751,0.000971896,0.003796119,0.00454956,Other,0.811595738,Other
Matt,Barnes,0.916262507,1.49e-05,3.68e-05,0.022929978,White,0.916262507,White
Matt,Beaty,0.99922657,4.98e-07,2.53e-06,0.000315427,White,0.99922657,White
Matt,Brash,0.995808244,6.44e-07,3.44e-06,0.001750035,White,0.995808244,White
Matt,Bush,0.27519688,0.00028532,0.000549156,0.032065254,Other,0.670407832,White
Matt,Carpenter,0.472840697,2.85e-05,0.000106394,0.084249847,White,0.472840697,White
Matt,Chapman,0.790784419,1.6e-05,0.000356265,0.012175174,White,0.790784419,White
Matt,Davidson,0.999594867,2.57e-07,7.1e-07,3.9e-05,White,0.999594867,White
Matt,Dermody,0.976711869,2.57e-06,0.000108098,0.008891298,White,0.976711869,White
Matt,Duffy,0.999127328,5.03e-07,4.4e-06,0.000314371,White,0.999127328,White
Matt,Festa,0.9926669,2.42e-06,4.21e-05,0.002544212,White,0.9926669,White
Matt,Foster,0.997085273,3.5e-07,5.55e-06,0.001062684,White,0.997085273,White
Matt,Gage,0.999360859,6.5e-07,3.12e-06,0.000254853,White,0.999360859,White
Matthew,Batten,0.999909282,5.8e-09,8.06e-08,1.51e-05,White,0.999909282,White
Matthew,Boyd,0.998512089,6.89e-07,1.18e-06,0.000398941,White,0.998512089,White
Max,Castillo,0.033389684,0.005936014,0.001645368,0.001206212,Other,0.948334098,Other
Max,Fried,0.99987793,1.2e-07,5.84e-07,5.41e-05,White,0.99987793,White
Michael,Brantley,0.02340073,0.027285645,0.000976293,0.010728225,Other,0.818934023,Other
Michael,Chavis,0.896744847,9.5e-06,1.37e-05,0.046516322,White,0.896744847,White
Michael,Feliz,0.001095819,0.810604095,0.001018971,0.000256475,Black,0.810604095,Black
Michael,Fulmer,0.960879743,7.7e-05,7.01e-06,0.015397265,White,0.960879743,White
Michael,Grove,0.993587494,5.75e-07,1.13e-05,0.002966919,White,0.993587494,White
Michael,Harris II,4.04e-08,0.999961734,1.48e-07,2.6e-08,Black,0.999961734,Black
Michael,Hermosillo,0.04969174,0.000617762,0.005322034,0.001369779,Other,0.910875797,Other
Michel,Baez,0.123165026,0.000293728,0.000440638,0.005641022,Other,0.868997395,Other
Miguel,Andujar,6.7e-05,0.984553337,0.000107405,8.44e-06,Black,0.984553337,Black
Miguel,Cabrera,0.056209262,0.000832284,0.00097576,0.000400113,Other,0.935584307,Other
Miguel,Castro,2.53e-07,0.999962687,5.78e-07,1.12e-07,Black,0.999962687,Black
Mike,Baumann,0.996582568,5.08e-06,1.99e-05,0.001208627,White,0.996582568,White
Mike,Brosseau,0.996333718,8.08e-07,4.92e-06,0.000714054,White,0.996333718,White
Mike,Clevinger,0.995166183,7.63e-07,7.13e-06,0.000591966,White,0.995166183,White
Mike,Ford,0.068537302,5.81e-07,1.32e-06,0.001513436,Other,0.929802477,White
Mitch,Garver,0.995072186,4.1e-07,3.37e-06,0.000157636,White,0.995072186,White
Mitch,Haniger,0.905882597,4.68e-07,2.73e-06,0.000501831,White,0.905882597,White
Mitch,Keller,0.469790727,3.65e-06,6.4e-05,6.11e-05,Asian,0.48306182,White
Monte,Harrison,6.6e-05,0.989783108,2.63e-05,2.73e-05,Black,0.989783108,Black
Mookie,Betts,0.001579848,0.636896253,0.000448312,0.000170602,Black,0.636896253,Black
Mychal,Givens,1.21e-06,0.999009013,7.53e-06,8.93e-07,Black,0.999009013,Black
Nabil,Crismatt,0.364706308,0.00098894,0.000103615,0.034065686,Other,0.589622855,Other
Narciso,Crook,0.000194593,0.977398634,0.000128479,0.000150812,Black,0.977398634,Black
Nate,Eaton,0.991328955,9.79e-07,9.29e-06,0.000910322,White,0.991328955,White
Nate,Fisher,0.865333676,2.55e-06,1.45e-05,0.014197202,White,0.865333676,White
Nathan,Eovaldi,0.508324206,8.64e-05,0.000103484,0.093815349,White,0.508324206,White
Nelson,Cruz,0.029940121,0.02154568,0.001426372,0.393263221,Other,0.44194904,Other
Nestor,Cortes,0.039538067,8.13e-05,0.002400845,0.00144052,Other,0.936950088,Other
Nick,Ahmed,0.973975778,3.26e-06,3.85e-05,0.009067143,White,0.973975778,White
Nick,Allen,0.999777734,1.92e-07,1.38e-06,8.47e-05,White,0.999777734,White
Nick,Castellanos,0.692128718,2.87e-05,0.000876102,0.02225155,White,0.692128718,White
Nick,Duron,0.994339406,2.81e-07,8.35e-07,0.000616236,White,0.994339406,White
Nick,Fortes,0.581208229,8.16e-05,0.000341787,0.003955213,White,0.581208229,White
Nick,Gordon,7.4e-07,0.999205887,3.49e-06,6.59e-06,Black,0.999205887,Black
Nico,Hoerner,0.999474823,1.32e-07,2.12e-06,0.000143244,White,0.999474823,White
Niko,Goodrum,0.00035347,0.946807802,4.34e-05,0.000354609,Black,0.946807802,Black
Noah,Davis,0.999775469,2.91e-07,2.47e-06,1.66e-05,White,0.999775469,White
Nolan,Arenado,0.116404928,0.001363477,0.000239874,0.323480278,Other,0.473724335,Other
Nolan,Gorman,0.991816223,1.11e-05,9e-06,0.000564594,White,0.991816223,White
Nolan,Jones,0.611717939,4.43e-06,1.35e-05,0.008894393,White,0.611717939,White
Oneil,Cruz,5.49e-07,0.999545991,1.58e-05,2.88e-07,Black,0.999545991,Black
Orlando,Arcia,0.010298325,0.007032578,0.005423429,0.001162953,Other,0.854293764,Other
Oscar,Gonzalez,4.78e-06,0.998443902,1.24e-05,2.37e-07,Black,0.998443902,Black
Oswaldo,Cabrera,0.002768483,0.001611673,0.000617897,3.25e-05,Asian,0.737005115,Other
Ozzie,Albies,0.000980498,0.945272148,0.000294169,0.001513551,Black,0.945272148,Black
P.J.,Higgins,0.989192426,2.86e-05,1.5e-05,0.004270219,White,0.989192426,White
Paolo,Espino,0.256939918,0.000157298,0.001906226,0.005411408,Other,0.727209151,Other
Patrick,Corbin,0.912602246,1.8e-05,6.22e-05,0.037637178,White,0.912602246,White
Paul,Blackburn,0.985874951,7.85e-06,2.57e-05,0.005629316,White,0.985874951,White
Paul,DeJong,0.688241184,1.21e-06,9.48e-06,0.002717627,White,0.688241184,White
Paul,Fry,0.99967885,3.33e-08,2.17e-07,4.45e-05,White,0.99967885,White
Paul,Goldschmidt,0.941885352,2.19e-06,1.68e-05,0.001453167,White,0.941885352,White
Payton,Henry,0.908196807,0.000101423,0.000136187,0.031452276,White,0.908196807,White
Pedro,Avila,0.022449866,0.157820717,0.001863128,0.053161383,Other,0.663889766,Other
Pete,Alonso,0.998284161,2.17e-08,5.76e-07,4.41e-05,White,0.998284161,White
Pete,Fairbanks,0.999855757,4.38e-08,6.31e-07,4e-05,White,0.999855757,White
Peyton,Burdick,0.998249292,2.26e-07,1.26e-06,0.000289207,White,0.998249292,White
Phil,Bickford,0.996402025,2.76e-06,7.87e-06,0.001377841,White,0.996402025,White
Phil,Gosselin,0.998399317,3.35e-07,1.92e-06,0.000459432,White,0.998399317,White
Phillip,Diehl,0.999332845,3.93e-07,2.14e-06,0.000242366,White,0.999332845,White
Pierce,Johnson,0.999704778,8.9e-08,1.18e-06,0.000111145,White,0.999704778,White
R.J.,Alvarez,0.039375674,0.000153436,9.76e-05,0.03438881,Other,0.582685888,Other
Rafael,Devers,0.000206176,0.828777969,0.00230961,8.57e-06,Black,0.828777969,Black
Raisel,Iglesias,5.38e-06,0.995895386,1.55e-05,8.29e-06,Black,0.995895386,Black
Ralph,Garza Jr.,0.042404484,0.000114224,2.13e-05,0.229244262,Other,0.675015748,Other
Randal,Grichuk,0.891096532,9.38e-06,0.00027373,0.049146987,White,0.891096532,White
Randy,Arozarena,1.98e-07,0.998559535,7.36e-07,8.81e-07,Black,0.998559535,Black
Raynel,Espinal,0.028336398,0.030995796,0.009663313,0.00254737,Other,0.888776898,Other
Reed,Garrett,0.998202801,4.26e-07,9.19e-06,0.000426255,White,0.998202801,White
Reid,Detmers,0.999295712,1.28e-06,5.61e-06,0.000241327,White,0.999295712,White
Rhys,Hoskins,0.999031901,3.88e-07,2.95e-06,0.000189672,White,0.999031901,White
Rich,Hill,0.995733559,3.68e-07,2.34e-05,0.001397269,White,0.995733559,White
Richard,Bleier,0.443071038,6.99e-05,0.000106647,0.213256493,White,0.443071038,White
Rico,Garcia,0.022504719,0.00234895,0.015057141,0.000523914,Other,0.80082351,Other
Riley,Adams,0.963454664,2.82e-05,6.48e-05,0.004063516,White,0.963454664,White
Riley,Greene,0.074959017,0.000677599,0.000476204,0.089821652,Other,0.773580194,White
Roansy,Contreras,3.98e-05,0.99645716,5.84e-05,3.6e-05,Black,0.99645716,Black
Rob,Brantly,0.985236406,5.1e-06,0.000165747,0.006720542,White,0.985236406,White
Robbie,Erlin,0.99936825,1.12e-07,1.22e-06,0.000129294,White,0.99936825,White
Robbie,Grossman,0.999759138,4.66e-08,1.07e-06,6.92e-05,White,0.999759138,White
Robert,Dugger,0.126160473,0.000778031,0.002616838,0.002469957,Other,0.847223043,White
Robert,Gsellman,0.833724976,2.21e-05,0.000121482,0.020162046,White,0.833724976,White
Robinson,Chirinos,0.045511436,0.001216014,0.000625609,0.006908837,Other,0.929463625,Other
Rodolfo,Castro,1.24e-05,0.998759985,1.41e-05,2.05e-06,Black,0.998759985,Black
Ronel,Blanco,0.001209579,0.655912817,0.000146394,0.001225898,Black,0.655912817,Black
Ronnie,Dawson,8.29e-06,0.998721659,5.86e-05,1.92e-06,Black,0.998721659,Black
Ronny,Henriquez,0.009589646,0.168105692,0.00023224,0.000962119,Other,0.811407149,Other
Ross,Detwiler,0.997678339,1.5e-07,3.9e-06,0.00087266,White,0.997678339,White
Ryan,Aguilar,0.289367408,0.000638752,0.00123083,0.004475236,Other,0.701251566,Other
Ryan,Borucki,0.998877347,8.03e-07,1.07e-05,0.000300067,White,0.998877347,White
Ryan,Brasier,0.998354554,5.33e-07,9.67e-07,0.000319522,White,0.998354554,White
Ryan,Burr,0.999963284,2.95e-08,1.61e-07,1.26e-05,White,0.999963284,White
Ryan,Castellani,0.999556601,1.94e-08,5.96e-07,0.000172477,White,0.999556601,White
Ryan,Feltner,0.539408505,0.000295866,0.000287907,0.003542228,White,0.539408505,White
Ryan,Helsley,0.733086765,3.85e-05,3.24e-05,0.005180085,White,0.733086765,White
Ryan,Hendrix,0.882460713,6.85e-05,4.31e-05,0.044270899,White,0.882460713,White
Ryan,Jeffers,0.999456823,1.34e-08,3.4e-07,5.93e-05,White,0.999456823,White
Rylan,Bannon,0.999825299,1.14e-07,1.73e-06,4.67e-05,White,0.999825299,White
Sam,Clay,0.999081254,1.27e-06,7.23e-07,0.000117338,White,0.999081254,White
Sam,Coonrod,0.999697924,6.57e-07,2.53e-06,0.00012147,White,0.999697924,White
Sam,Haggerty,0.264300674,0.000254921,0.001106602,0.006212009,Other,0.725663483,White
Sam,Hentges,0.951764762,3.41e-05,4.83e-05,0.002996416,White,0.951764762,White
Sam,Hilliard,0.991828322,1.2e-06,1.38e-05,0.001934779,White,0.991828322,White
Sam,Howard,0.964728653,0.001439326,0.000247533,0.001142591,White,0.964728653,White
Sam,Huff,0.992679715,1.33e-06,2.17e-05,0.002251499,White,0.992679715,White
Sandy,Alcantara,0.001090784,0.010169059,0.000331477,0.001141006,Asian,0.890428364,Other
Santiago,Espinal,0.008143428,0.095104329,0.001683498,0.000842532,Other,0.574207544,Other
Scott,Alexander,0.513204873,9.5e-05,4.73e-05,0.150670514,White,0.513204873,White
Scott,Barlow,0.996327221,1.11e-07,1.35e-06,0.00034141,White,0.996327221,White
Scott,Effross,0.85341531,4.36e-06,0.00014121,0.0024321,White,0.85341531,White
Sean,Bouchard,0.807386935,2.26e-05,3.57e-05,0.012470182,White,0.807386935,White
Sean,Doolittle,0.967109919,3.75e-05,0.00022159,0.008360164,White,0.967109919,White
Sean,Hjelle,0.999598563,3.95e-08,6.4e-07,6.84e-05,White,0.999598563,White
Seth,Beer,0.999602616,2.27e-07,1.93e-06,8.33e-05,White,0.999602616,White
Seth,Brown,0.999655843,2.42e-07,1.55e-06,9.51e-05,White,0.999655843,White
Shane,Baz,0.993836462,1.85e-06,2.97e-06,0.001155083,White,0.993836462,White
Shane,Bieber,0.966241598,1.93e-06,1.75e-05,0.004449146,White,0.966241598,White
Shane,Greene,0.998589098,2.84e-07,2.95e-06,0.000587589,White,0.998589098,White
Shaun,Anderson,0.994623899,8.04e-06,7.3e-06,0.000492487,White,0.994623899,White
Shawn,Armstrong,0.995656013,5.44e-07,1.82e-06,0.001061793,White,0.995656013,White
Silvino,Bracho,0.112153739,0.000965151,0.000574239,0.072766028,Other,0.792946756,Other
Skye,Bolt,0.998081803,6.65e-06,1.35e-05,0.000633815,White,0.998081803,White
Sonny,Gray,0.9978351,3.06e-07,2.51e-06,0.000515585,White,0.9978351,White
Spencer,Howard,0.993534327,1.87e-06,1.28e-05,0.001850878,White,0.993534327,White
Steve,Cishek,0.017254168,8.33e-05,2.38e-05,0.090854362,Asian,0.753156483,Asian
Steven,Brault,0.833322883,2.44e-05,0.000921639,0.014528876,White,0.833322883,White
Steven,Duggar,0.978578269,5.88e-07,7.19e-06,0.004181806,White,0.978578269,White
Stone,Garrett,5.48e-05,0.98470819,1.19e-05,1.53e-05,Black,0.98470819,Black
Stuart,Fairchild,0.005914869,4.52e-05,0.001389495,0.000129628,Asian,0.806607783,Asian
Tanner,Banks,0.964475453,4.79e-07,7.83e-06,0.00178436,White,0.964475453,White
Tanner,Houck,0.994479418,4.95e-06,2.48e-05,0.001871455,White,0.994479418,White
Taylor,Clarke,0.999068201,1.56e-07,9.87e-07,0.000389783,White,0.999068201,White
Taylor,Hearn,4.95e-07,0.997535706,1.34e-06,1.72e-06,Black,0.997535706,Black
Taylor,Jones,0.066011094,0.043580875,0.003637543,0.008649469,Other,0.865056276,Other
Terrance,Gore,2.67e-06,0.997390449,2.69e-05,7.47e-07,Black,0.997390449,Black
Thairo,Estrada,0.011822721,0.00265373,0.005154531,0.000549955,Asian,0.621608734,Other
Thomas,Hatch,0.32488203,0.000446464,0.000734183,0.006558039,Other,0.665825188,White
Tim,Anderson,9.22e-07,0.999316573,8.88e-06,9.17e-07,Black,0.999316573,Black
Tim,Beckham,2.05e-05,0.989441037,0.000103955,8.95e-06,Black,0.989441037,Black
Tim,Hill,0.998377323,3.38e-07,1.57e-06,0.000594954,White,0.998377323,White
TJ,Friedl,0.990832388,6.18e-06,8.32e-05,0.004343417,White,0.990832388,White
Tommy,Edman,0.421505362,0.000301238,0.002336873,0.000810876,Other,0.44787398,White
Tommy,Henry,0.998776019,3.32e-07,4.5e-06,0.000416498,White,0.998776019,White
Tommy,Hunter,0.998451233,1.88e-06,5.67e-06,0.000283067,White,0.998451233,White
Tommy,Kahnle,0.926401675,5.64e-06,0.000144662,0.00698704,White,0.926401675,White
Tony,Gonsolin,0.824270368,2.6e-05,2.37e-05,0.035519481,White,0.824270368,White
Travis,Blankenhorn,0.999300838,3.22e-07,1.6e-06,0.000335901,White,0.999300838,White
Travis,Demeritte,1.62e-07,0.999920845,2.31e-07,2.13e-07,Black,0.999920845,Black
Travis,d'Arnaud,0.606150746,2.69e-05,7.75e-05,0.00547873,White,0.606150746,White
Travis,Jankowski,0.997012377,3.82e-07,2.41e-06,0.000226515,White,0.997012377,White
Trent,Grisham,0.012429323,0.017789286,0.000168585,0.000245324,Other,0.963401973,White
Tres,Barrera,0.616898656,4.42e-05,0.000604502,0.002780332,White,0.616898656,White
Trevor,Gott,0.995773613,7.52e-07,9.99e-06,0.000248837,White,0.995773613,White
Trevor,Kelley,0.979366839,2.03e-06,5.22e-06,0.001973822,White,0.979366839,White
Triston,Casas,0.667294681,0.000225199,0.000562759,0.005937277,White,0.667294681,Other
Tucker,Barnhart,0.989914894,2.34e-05,2.74e-05,0.004205814,White,0.989914894,White
Tucker,Davidson,0.94821769,2.39e-06,2.8e-05,0.013708116,White,0.94821769,White
Ty,Blach,0.994400561,2.44e-06,1.75e-05,0.002543992,White,0.994400561,White
Ty,France,0.997811735,4.76e-07,7.52e-06,0.000675447,White,0.997811735,White
Tyler,Alexander,0.99932611,8.84e-08,7.81e-07,0.000128318,White,0.99932611,White
Tyler,Anderson,0.956893086,1.09e-05,0.000115099,0.013283288,White,0.956893086,White
Tyler,Beede,0.960678935,4.35e-06,1.39e-05,0.00740391,White,0.960678935,White
Tyler,Clippard,0.999620318,1.08e-07,1.01e-06,0.000145596,White,0.999620318,White
Tyler,Cyr,0.254039168,4.71e-05,0.000159162,0.043821663,Other,0.674542665,White
Tyler,Danish,0.991635442,1.18e-06,1.06e-05,0.002112041,White,0.991635442,White
Tyler,Duffey,0.998736203,5.62e-07,7.49e-06,0.000113799,White,0.998736203,White
Tyler,Freeman,0.320551902,0.006027872,0.001444445,0.000513743,Other,0.664060771,Other
Tyler,Gilbert,0.992768764,1.35e-05,6.25e-06,0.002762506,White,0.992768764,White
Tyler,Glasnow,0.836444974,3.72e-05,0.000190001,0.015173356,White,0.836444974,White
Tyler,Heineman,0.993869901,8.67e-07,1.24e-05,0.002011,White,0.993869901,White
Tyler,Holton,0.975174963,7.04e-06,9.43e-05,0.000627983,White,0.975174963,White
Vaughn,Grissom,0.03564477,0.014730799,0.009385284,0.000958534,Other,0.837510645,Other
Victor,Caratini,0.981744826,5.13e-06,7.25e-05,0.006483824,White,0.981744826,White
Vinny,Capra,0.938620389,2.75e-06,1.86e-05,0.024058564,White,0.938620389,White
Vladimir,Guerrero Jr.,3.02e-06,0.999309659,2.43e-05,3.46e-07,Black,0.999309659,Black
Vladimir,Gutierrez,0.001189669,0.931726158,0.000211697,0.000350595,Black,0.931726158,Black
Walker,Buehler,0.957604766,3.57e-06,5.4e-05,0.005522869,White,0.957604766,White
Wander,Franco,0.002114804,0.009675384,0.040337276,0.000280773,Asian,0.805417001,Other
Wil,Crowe,0.999019504,6.36e-08,1.74e-06,0.000145094,White,0.999019504,White
Will,Benson,5.12e-06,0.999417186,1.57e-05,1.36e-06,Black,0.999417186,Black
Will,Brennan,0.352387935,0.001406034,0.001543887,0.001448757,Other,0.636903703,White
Willi,Castro,0.006409285,0.06190566,3.51e-05,0.097685978,Asian,0.500214994,Other
William,Contreras,0.035450775,0.001086975,0.001478323,0.001224665,Asian,0.357500643,Other
Willians,Astudillo,0.05095784,0.025563728,0.001347445,0.004489814,Other,0.852413654,Other
Willie,Calhoun,0.002178864,0.412418455,0.00411715,0.00018917,Black,0.412418455,Other
Willson,Contreras,0.037682243,0.004838505,0.008580398,0.000474773,Other,0.658074617,Other
Willy,Adames,0.119011797,0.00073976,0.001550526,0.02913484,Other,0.824270546,Other
Wilmer,Difo,0.003725004,0.227500096,0.000530583,0.001916274,Asian,0.532384455,Other
Wilmer,Flores,0.140289098,0.000279669,0.005333627,0.000705431,Asian,0.337777525,Other
Wynton,Bernard,2.03e-06,0.999144554,8.07e-06,5.67e-07,Black,0.999144554,Black
Xander,Bogaerts,0.018367946,0.336851567,0.000603782,0.00297916,Other,0.618800461,Other
Xzavion,Curry,2.19e-06,0.999559343,5.91e-06,2.39e-06,Black,0.999559343,Black
Yadiel,Hernandez,0.019278198,0.031417634,0.018055538,0.006527577,Other,0.547124863,Other
Yainer,Diaz,0.067606181,0.007080839,0.003063775,0.0053624,Other,0.843820333,Other
Yan,Gomes,0.672818422,2.73e-05,0.000461768,0.006090294,White,0.672818422,White
Yasmani,Grandal,0.788414657,9.3e-06,0.000259232,0.093423598,White,0.788414657,White
Yency,Almonte,3.46e-05,0.980699122,1.81e-05,6.75e-05,Black,0.980699122,Black
Yennier,Cano,5.37e-05,0.96552217,0.000337506,3.77e-05,Black,0.96552217,Black
Yerry,De Los Santos,3.75e-05,0.980476081,0.000142574,5.43e-06,Black,0.980476081,Black
Yonathan,Daza,0.051746149,0.000326577,0.007922954,0.000902542,Other,0.734215438,Other
Yonny,Chirinos,0.011972871,0.009332066,0.004126265,0.006093417,Other,0.634069681,Other
Yordan,Alvarez,7.67e-07,0.999720156,6.07e-06,4.06e-07,Black,0.999720156,Black
Yu,Chang,0.000262328,0.000129921,0.000212984,6.41e-06,Asian,0.860093653,Asian
Yu,Darvish,0.001161746,7.34e-06,0.000271917,2.18e-05,Asian,0.79132092,Asian
Yuli,Gurriel,0.054133445,0.003468005,0.004748222,0.004013977,Other,0.813394487,Other
Zac,Gallen,0.975037336,1.2e-06,1.13e-05,0.001605973,White,0.975037336,White
Zach,Davies,0.906118512,5.33e-05,0.000407387,0.006770912,White,0.906118512,White
Zach,Eflin,0.144239992,0.000181451,0.000139805,0.286289811,Other,0.483692765,White
Zach,Jackson,0.998589933,3.36e-07,8.01e-06,0.000630785,White,0.998589933,White
Zack,Britton,0.96639663,1.21e-06,2.85e-05,0.000422656,White,0.96639663,White
Zack,Collins,0.999828696,5.05e-08,6.27e-07,4.91e-05,White,0.999828696,White
Zack,Greinke,0.996964872,5.33e-07,9.64e-06,0.000509959,White,0.996964872,White
